1,1,200,¿Esta es una pregunta Nivel 1 de ejemplo?,Esta es una opcion;Esta es otra opcion;Esta es la ultima opcion,Esta es la respuesta de la pregunta
1,1,200,¿Esta es una pregunta Nivel 1 de ejemplo?,,Esta es la respuesta de la pregunta
1,1,200,¿Esta es una pregunta Nivel 1 de ejemplo?,Esta es una opcion;Esta es otra opcion;Esta es la ultima opcion,Esta es la respuesta de la pregunta
1,1,200,¿Esta es una pregunta Nivel 1 de ejemplo?,,Esta es la respuesta de la pregunta
1,1,200,¿Esta es una pregunta Nivel 1 de ejemplo?,Esta es una opcion;Esta es otra opcion;Esta es la ultima opcion,Esta es la respuesta de la pregunta
1,2,200,¿Esta es una pregunta Nivel 2 de ejemplo?,,Esta es la respuesta de la pregunta
1,2,200,¿Esta es una pregunta Nivel 2 de ejemplo?,Esta es una opcion;Esta es otra opcion;Esta es la ultima opcion,Esta es la respuesta de la pregunta
1,2,200,¿Esta es una pregunta Nivel 2 de ejemplo?,,Esta es la respuesta de la pregunta
1,2,200,¿Esta es una pregunta Nivel 2 de ejemplo?,Esta es una opcion;Esta es otra opcion;Esta es la ultima opcion,Esta es la respuesta de la pregunta
1,2,200,¿Esta es una pregunta Nivel 2 de ejemplo?,,Esta es la respuesta de la pregunta
1,3,200,¿Esta es una pregunta Nivel 3 de ejemplo?,Esta es una opcion;Esta es otra opcion;Esta es la ultima opcion,Esta es la respuesta de la pregunta
1,3,200,¿Esta es una pregunta Nivel 3 de ejemplo?,,Esta es la respuesta de la pregunta
1,3,200,¿Esta es una pregunta Nivel 3 de ejemplo?,Esta es una opcion;Esta es otra opcion;Esta es la ultima opcion,Esta es la respuesta de la pregunta
1,3,200,¿Esta es una pregunta Nivel 3 de ejemplo?,,Esta es la respuesta de la pregunta
1,3,200,¿Esta es una pregunta Nivel 3 de ejemplo?,Esta es una opcion;Esta es otra opcion;Esta es la ultima opcion,Esta es la respuesta de la pregunta
1,4,200,¿Esta es una pregunta Nivel 4 de ejemplo?,,Esta es la respuesta de la pregunta
1,4,200,¿Esta es una pregunta Nivel 4 de ejemplo?,Esta es una opcion;Esta es otra opcion;Esta es la ultima opcion,Esta es la respuesta de la pregunta
1,4,200,¿Esta es una pregunta Nivel 4 de ejemplo?,,Esta es la respuesta de la pregunta
1,4,200,¿Esta es una pregunta Nivel 4 de ejemplo?,Esta es una opcion;Esta es otra opcion;Esta es la ultima opcion,Esta es la respuesta de la pregunta
1,4,200,¿Esta es una pregunta Nivel 4 de ejemplo?,,Esta es la respuesta de la pregunta
1,1,400,¿Esta es una pregunta Nivel 1 de ejemplo?,Esta es una opcion;Esta es otra opcion;Esta es la ultima opcion,Esta es la respuesta de la pregunta
1,1,400,¿Esta es una pregunta Nivel 1 de ejemplo?,,Esta es la respuesta de la pregunta
1,1,400,¿Esta es una pregunta Nivel 1 de ejemplo?,Esta es una opcion;Esta es otra opcion;Esta es la ultima opcion,Esta es la respuesta de la pregunta
1,1,400,¿Esta es una pregunta Nivel 1 de ejemplo?,,Esta es la respuesta de la pregunta
1,1,400,¿Esta es una pregunta Nivel 1 de ejemplo?,Esta es una opcion;Esta es otra opcion;Esta es la ultima opcion,Esta es la respuesta de la pregunta
1,2,400,¿Esta es una pregunta Nivel 2 de ejemplo?,,Esta es la respuesta de la pregunta
1,2,400,¿Esta es una pregunta Nivel 2 de ejemplo?,Esta es una opcion;Esta es otra opcion;Esta es la ultima opcion,Esta es la respuesta de la pregunta
1,2,400,¿Esta es una pregunta Nivel 2 de ejemplo?,,Esta es la respuesta de la pregunta
1,2,400,¿Esta es una pregunta Nivel 2 de ejemplo?,Esta es una opcion;Esta es otra opcion;Esta es la ultima opcion,Esta es la respuesta de la pregunta
1,2,400,¿Esta es una pregunta Nivel 2 de ejemplo?,,Esta es la respuesta de la pregunta
1,3,400,¿Esta es una pregunta Nivel 3 de ejemplo?,Esta es una opcion;Esta es otra opcion;Esta es la ultima opcion,Esta es la respuesta de la pregunta
1,3,400,¿Esta es una pregunta Nivel 3 de ejemplo?,,Esta es la respuesta de la pregunta
1,3,400,¿Esta es una pregunta Nivel 3 de ejemplo?,Esta es una opcion;Esta es otra opcion;Esta es la ultima opcion,Esta es la respuesta de la pregunta
1,3,400,¿Esta es una pregunta Nivel 3 de ejemplo?,,Esta es la respuesta de la pregunta
1,3,400,¿Esta es una pregunta Nivel 3 de ejemplo?,Esta es una opcion;Esta es otra opcion;Esta es la ultima opcion,Esta es la respuesta de la pregunta
1,4,400,¿Esta es una pregunta Nivel 4 de ejemplo?,,Esta es la respuesta de la pregunta
1,4,400,¿Esta es una pregunta Nivel 4 de ejemplo?,Esta es una opcion;Esta es otra opcion;Esta es la ultima opcion,Esta es la respuesta de la pregunta
1,4,400,¿Esta es una pregunta Nivel 4 de ejemplo?,,Esta es la respuesta de la pregunta
1,4,400,¿Esta es una pregunta Nivel 4 de ejemplo?,Esta es una opcion;Esta es otra opcion;Esta es la ultima opcion,Esta es la respuesta de la pregunta
1,4,400,¿Esta es una pregunta Nivel 4 de ejemplo?,,Esta es la respuesta de la pregunta
1,1,600,¿Esta es una pregunta Nivel 1 de ejemplo?,Esta es una opcion;Esta es otra opcion;Esta es la ultima opcion,Esta es la respuesta de la pregunta
1,1,600,¿Esta es una pregunta Nivel 1 de ejemplo?,,Esta es la respuesta de la pregunta
1,1,600,¿Esta es una pregunta Nivel 1 de ejemplo?,Esta es una opcion;Esta es otra opcion;Esta es la ultima opcion,Esta es la respuesta de la pregunta
1,1,600,¿Esta es una pregunta Nivel 1 de ejemplo?,,Esta es la respuesta de la pregunta
1,1,600,¿Esta es una pregunta Nivel 1 de ejemplo?,Esta es una opcion;Esta es otra opcion;Esta es la ultima opcion,Esta es la respuesta de la pregunta
1,2,600,¿Esta es una pregunta Nivel 2 de ejemplo?,,Esta es la respuesta de la pregunta
1,2,600,¿Esta es una pregunta Nivel 2 de ejemplo?,Esta es una opcion;Esta es otra opcion;Esta es la ultima opcion,Esta es la respuesta de la pregunta
1,2,600,¿Esta es una pregunta Nivel 2 de ejemplo?,,Esta es la respuesta de la pregunta
1,2,600,¿Esta es una pregunta Nivel 2 de ejemplo?,Esta es una opcion;Esta es otra opcion;Esta es la ultima opcion,Esta es la respuesta de la pregunta
1,2,600,¿Esta es una pregunta Nivel 2 de ejemplo?,,Esta es la respuesta de la pregunta
1,3,600,¿Esta es una pregunta Nivel 3 de ejemplo?,Esta es una opcion;Esta es otra opcion;Esta es la ultima opcion,Esta es la respuesta de la pregunta
1,3,600,¿Esta es una pregunta Nivel 3 de ejemplo?,,Esta es la respuesta de la pregunta
1,3,600,¿Esta es una pregunta Nivel 3 de ejemplo?,Esta es una opcion;Esta es otra opcion;Esta es la ultima opcion,Esta es la respuesta de la pregunta
1,3,600,¿Esta es una pregunta Nivel 3 de ejemplo?,,Esta es la respuesta de la pregunta
1,3,600,¿Esta es una pregunta Nivel 3 de ejemplo?,Esta es una opcion;Esta es otra opcion;Esta es la ultima opcion,Esta es la respuesta de la pregunta
1,4,600,¿Esta es una pregunta Nivel 4 de ejemplo?,,Esta es la respuesta de la pregunta
1,4,600,¿Esta es una pregunta Nivel 4 de ejemplo?,Esta es una opcion;Esta es otra opcion;Esta es la ultima opcion,Esta es la respuesta de la pregunta
1,4,600,¿Esta es una pregunta Nivel 4 de ejemplo?,,Esta es la respuesta de la pregunta
1,4,600,¿Esta es una pregunta Nivel 4 de ejemplo?,Esta es una opcion;Esta es otra opcion;Esta es la ultima opcion,Esta es la respuesta de la pregunta
1,4,600,¿Esta es una pregunta Nivel 4 de ejemplo?,,Esta es la respuesta de la pregunta
1,1,800,¿Esta es una pregunta Nivel 1 de ejemplo?,Esta es una opcion;Esta es otra opcion;Esta es la ultima opcion,Esta es la respuesta de la pregunta
1,1,800,¿Esta es una pregunta Nivel 1 de ejemplo?,,Esta es la respuesta de la pregunta
1,1,800,¿Esta es una pregunta Nivel 1 de ejemplo?,Esta es una opcion;Esta es otra opcion;Esta es la ultima opcion,Esta es la respuesta de la pregunta
1,1,800,¿Esta es una pregunta Nivel 1 de ejemplo?,,Esta es la respuesta de la pregunta
1,1,800,¿Esta es una pregunta Nivel 1 de ejemplo?,Esta es una opcion;Esta es otra opcion;Esta es la ultima opcion,Esta es la respuesta de la pregunta
1,2,800,¿Esta es una pregunta Nivel 2 de ejemplo?,,Esta es la respuesta de la pregunta
1,2,800,¿Esta es una pregunta Nivel 2 de ejemplo?,Esta es una opcion;Esta es otra opcion;Esta es la ultima opcion,Esta es la respuesta de la pregunta
1,2,800,¿Esta es una pregunta Nivel 2 de ejemplo?,,Esta es la respuesta de la pregunta
1,2,800,¿Esta es una pregunta Nivel 2 de ejemplo?,Esta es una opcion;Esta es otra opcion;Esta es la ultima opcion,Esta es la respuesta de la pregunta
1,2,800,¿Esta es una pregunta Nivel 2 de ejemplo?,,Esta es la respuesta de la pregunta
1,3,800,¿Esta es una pregunta Nivel 3 de ejemplo?,Esta es una opcion;Esta es otra opcion;Esta es la ultima opcion,Esta es la respuesta de la pregunta
1,3,800,¿Esta es una pregunta Nivel 3 de ejemplo?,,Esta es la respuesta de la pregunta
1,3,800,¿Esta es una pregunta Nivel 3 de ejemplo?,Esta es una opcion;Esta es otra opcion;Esta es la ultima opcion,Esta es la respuesta de la pregunta
1,3,800,¿Esta es una pregunta Nivel 3 de ejemplo?,,Esta es la respuesta de la pregunta
1,3,800,¿Esta es una pregunta Nivel 3 de ejemplo?,Esta es una opcion;Esta es otra opcion;Esta es la ultima opcion,Esta es la respuesta de la pregunta
1,4,800,¿Esta es una pregunta Nivel 4 de ejemplo?,,Esta es la respuesta de la pregunta
1,4,800,¿Esta es una pregunta Nivel 4 de ejemplo?,Esta es una opcion;Esta es otra opcion;Esta es la ultima opcion,Esta es la respuesta de la pregunta
1,4,800,¿Esta es una pregunta Nivel 4 de ejemplo?,,Esta es la respuesta de la pregunta
1,4,800,¿Esta es una pregunta Nivel 4 de ejemplo?,Esta es una opcion;Esta es otra opcion;Esta es la ultima opcion,Esta es la respuesta de la pregunta
1,4,800,¿Esta es una pregunta Nivel 4 de ejemplo?,,Esta es la respuesta de la pregunta
1,1,1000,¿Esta es una pregunta Nivel 1 de ejemplo?,Esta es una opcion;Esta es otra opcion;Esta es la ultima opcion,Esta es la respuesta de la pregunta
1,1,1000,¿Esta es una pregunta Nivel 1 de ejemplo?,,Esta es la respuesta de la pregunta
1,1,1000,¿Esta es una pregunta Nivel 1 de ejemplo?,Esta es una opcion;Esta es otra opcion;Esta es la ultima opcion,Esta es la respuesta de la pregunta
1,1,1000,¿Esta es una pregunta Nivel 1 de ejemplo?,,Esta es la respuesta de la pregunta
1,1,1000,¿Esta es una pregunta Nivel 1 de ejemplo?,Esta es una opcion;Esta es otra opcion;Esta es la ultima opcion,Esta es la respuesta de la pregunta
1,2,1000,¿Esta es una pregunta Nivel 2 de ejemplo?,,Esta es la respuesta de la pregunta
1,2,1000,¿Esta es una pregunta Nivel 2 de ejemplo?,Esta es una opcion;Esta es otra opcion;Esta es la ultima opcion,Esta es la respuesta de la pregunta
1,2,1000,¿Esta es una pregunta Nivel 2 de ejemplo?,,Esta es la respuesta de la pregunta
1,2,1000,¿Esta es una pregunta Nivel 2 de ejemplo?,Esta es una opcion;Esta es otra opcion;Esta es la ultima opcion,Esta es la respuesta de la pregunta
1,2,1000,¿Esta es una pregunta Nivel 2 de ejemplo?,,Esta es la respuesta de la pregunta
1,3,1000,¿Esta es una pregunta Nivel 3 de ejemplo?,Esta es una opcion;Esta es otra opcion;Esta es la ultima opcion,Esta es la respuesta de la pregunta
1,3,1000,¿Esta es una pregunta Nivel 3 de ejemplo?,,Esta es la respuesta de la pregunta
1,3,1000,¿Esta es una pregunta Nivel 3 de ejemplo?,Esta es una opcion;Esta es otra opcion;Esta es la ultima opcion,Esta es la respuesta de la pregunta
1,3,1000,¿Esta es una pregunta Nivel 3 de ejemplo?,,Esta es la respuesta de la pregunta
1,3,1000,¿Esta es una pregunta Nivel 3 de ejemplo?,Esta es una opcion;Esta es otra opcion;Esta es la ultima opcion,Esta es la respuesta de la pregunta
1,4,1000,¿Esta es una pregunta Nivel 4 de ejemplo?,,Esta es la respuesta de la pregunta
1,4,1000,¿Esta es una pregunta Nivel 4 de ejemplo?,Esta es una opcion;Esta es otra opcion;Esta es la ultima opcion,Esta es la respuesta de la pregunta
1,4,1000,¿Esta es una pregunta Nivel 4 de ejemplo?,,Esta es la respuesta de la pregunta
1,4,1000,¿Esta es una pregunta Nivel 4 de ejemplo?,Esta es una opcion;Esta es otra opcion;Esta es la ultima opcion,Esta es la respuesta de la pregunta
1,4,1000,¿Esta es una pregunta Nivel 4 de ejemplo?,,Esta es la respuesta de la pregunta
2,1,200,¿Esta es una pregunta Nivel 1 de ejemplo?,Esta es una opcion;Esta es otra opcion;Esta es la ultima opcion,Esta es la respuesta de la pregunta
2,1,200,¿Esta es una pregunta Nivel 1 de ejemplo?,,Esta es la respuesta de la pregunta
2,1,200,¿Esta es una pregunta Nivel 1 de ejemplo?,Esta es una opcion;Esta es otra opcion;Esta es la ultima opcion,Esta es la respuesta de la pregunta
2,1,200,¿Esta es una pregunta Nivel 1 de ejemplo?,,Esta es la respuesta de la pregunta
2,1,200,¿Esta es una pregunta Nivel 1 de ejemplo?,Esta es una opcion;Esta es otra opcion;Esta es la ultima opcion,Esta es la respuesta de la pregunta
2,2,200,¿Esta es una pregunta Nivel 2 de ejemplo?,,Esta es la respuesta de la pregunta
2,2,200,¿Esta es una pregunta Nivel 2 de ejemplo?,Esta es una opcion;Esta es otra opcion;Esta es la ultima opcion,Esta es la respuesta de la pregunta
2,2,200,¿Esta es una pregunta Nivel 2 de ejemplo?,,Esta es la respuesta de la pregunta
2,2,200,¿Esta es una pregunta Nivel 2 de ejemplo?,Esta es una opcion;Esta es otra opcion;Esta es la ultima opcion,Esta es la respuesta de la pregunta
2,2,200,¿Esta es una pregunta Nivel 2 de ejemplo?,,Esta es la respuesta de la pregunta
2,3,200,¿Esta es una pregunta Nivel 3 de ejemplo?,Esta es una opcion;Esta es otra opcion;Esta es la ultima opcion,Esta es la respuesta de la pregunta
2,3,200,¿Esta es una pregunta Nivel 3 de ejemplo?,,Esta es la respuesta de la pregunta
2,3,200,¿Esta es una pregunta Nivel 3 de ejemplo?,Esta es una opcion;Esta es otra opcion;Esta es la ultima opcion,Esta es la respuesta de la pregunta
2,3,200,¿Esta es una pregunta Nivel 3 de ejemplo?,,Esta es la respuesta de la pregunta
2,3,200,¿Esta es una pregunta Nivel 3 de ejemplo?,Esta es una opcion;Esta es otra opcion;Esta es la ultima opcion,Esta es la respuesta de la pregunta
2,4,200,¿Esta es una pregunta Nivel 4 de ejemplo?,,Esta es la respuesta de la pregunta
2,4,200,¿Esta es una pregunta Nivel 4 de ejemplo?,Esta es una opcion;Esta es otra opcion;Esta es la ultima opcion,Esta es la respuesta de la pregunta
2,4,200,¿Esta es una pregunta Nivel 4 de ejemplo?,,Esta es la respuesta de la pregunta
2,4,200,¿Esta es una pregunta Nivel 4 de ejemplo?,Esta es una opcion;Esta es otra opcion;Esta es la ultima opcion,Esta es la respuesta de la pregunta
2,4,200,¿Esta es una pregunta Nivel 4 de ejemplo?,,Esta es la respuesta de la pregunta
2,1,400,¿Esta es una pregunta Nivel 1 de ejemplo?,Esta es una opcion;Esta es otra opcion;Esta es la ultima opcion,Esta es la respuesta de la pregunta
2,1,400,¿Esta es una pregunta Nivel 1 de ejemplo?,,Esta es la respuesta de la pregunta
2,1,400,¿Esta es una pregunta Nivel 1 de ejemplo?,Esta es una opcion;Esta es otra opcion;Esta es la ultima opcion,Esta es la respuesta de la pregunta
2,1,400,¿Esta es una pregunta Nivel 1 de ejemplo?,,Esta es la respuesta de la pregunta
2,1,400,¿Esta es una pregunta Nivel 1 de ejemplo?,Esta es una opcion;Esta es otra opcion;Esta es la ultima opcion,Esta es la respuesta de la pregunta
2,2,400,¿Esta es una pregunta Nivel 2 de ejemplo?,,Esta es la respuesta de la pregunta
2,2,400,¿Esta es una pregunta Nivel 2 de ejemplo?,Esta es una opcion;Esta es otra opcion;Esta es la ultima opcion,Esta es la respuesta de la pregunta
2,2,400,¿Esta es una pregunta Nivel 2 de ejemplo?,,Esta es la respuesta de la pregunta
2,2,400,¿Esta es una pregunta Nivel 2 de ejemplo?,Esta es una opcion;Esta es otra opcion;Esta es la ultima opcion,Esta es la respuesta de la pregunta
2,2,400,¿Esta es una pregunta Nivel 2 de ejemplo?,,Esta es la respuesta de la pregunta
2,3,400,¿Esta es una pregunta Nivel 3 de ejemplo?,Esta es una opcion;Esta es otra opcion;Esta es la ultima opcion,Esta es la respuesta de la pregunta
2,3,400,¿Esta es una pregunta Nivel 3 de ejemplo?,,Esta es la respuesta de la pregunta
2,3,400,¿Esta es una pregunta Nivel 3 de ejemplo?,Esta es una opcion;Esta es otra opcion;Esta es la ultima opcion,Esta es la respuesta de la pregunta
2,3,400,¿Esta es una pregunta Nivel 3 de ejemplo?,,Esta es la respuesta de la pregunta
2,3,400,¿Esta es una pregunta Nivel 3 de ejemplo?,Esta es una opcion;Esta es otra opcion;Esta es la ultima opcion,Esta es la respuesta de la pregunta
2,4,400,¿Esta es una pregunta Nivel 4 de ejemplo?,,Esta es la respuesta de la pregunta
2,4,400,¿Esta es una pregunta Nivel 4 de ejemplo?,Esta es una opcion;Esta es otra opcion;Esta es la ultima opcion,Esta es la respuesta de la pregunta
2,4,400,¿Esta es una pregunta Nivel 4 de ejemplo?,,Esta es la respuesta de la pregunta
2,4,400,¿Esta es una pregunta Nivel 4 de ejemplo?,Esta es una opcion;Esta es otra opcion;Esta es la ultima opcion,Esta es la respuesta de la pregunta
2,4,400,¿Esta es una pregunta Nivel 4 de ejemplo?,,Esta es la respuesta de la pregunta
2,1,600,¿Esta es una pregunta Nivel 1 de ejemplo?,Esta es una opcion;Esta es otra opcion;Esta es la ultima opcion,Esta es la respuesta de la pregunta
2,1,600,¿Esta es una pregunta Nivel 1 de ejemplo?,,Esta es la respuesta de la pregunta
2,1,600,¿Esta es una pregunta Nivel 1 de ejemplo?,Esta es una opcion;Esta es otra opcion;Esta es la ultima opcion,Esta es la respuesta de la pregunta
2,1,600,¿Esta es una pregunta Nivel 1 de ejemplo?,,Esta es la respuesta de la pregunta
2,1,600,¿Esta es una pregunta Nivel 1 de ejemplo?,Esta es una opcion;Esta es otra opcion;Esta es la ultima opcion,Esta es la respuesta de la pregunta
2,2,600,¿Esta es una pregunta Nivel 2 de ejemplo?,,Esta es la respuesta de la pregunta
2,2,600,¿Esta es una pregunta Nivel 2 de ejemplo?,Esta es una opcion;Esta es otra opcion;Esta es la ultima opcion,Esta es la respuesta de la pregunta
2,2,600,¿Esta es una pregunta Nivel 2 de ejemplo?,,Esta es la respuesta de la pregunta
2,2,600,¿Esta es una pregunta Nivel 2 de ejemplo?,Esta es una opcion;Esta es otra opcion;Esta es la ultima opcion,Esta es la respuesta de la pregunta
2,2,600,¿Esta es una pregunta Nivel 2 de ejemplo?,,Esta es la respuesta de la pregunta
2,3,600,¿Esta es una pregunta Nivel 3 de ejemplo?,Esta es una opcion;Esta es otra opcion;Esta es la ultima opcion,Esta es la respuesta de la pregunta
2,3,600,¿Esta es una pregunta Nivel 3 de ejemplo?,,Esta es la respuesta de la pregunta
2,3,600,¿Esta es una pregunta Nivel 3 de ejemplo?,Esta es una opcion;Esta es otra opcion;Esta es la ultima opcion,Esta es la respuesta de la pregunta
2,3,600,¿Esta es una pregunta Nivel 3 de ejemplo?,,Esta es la respuesta de la pregunta
2,3,600,¿Esta es una pregunta Nivel 3 de ejemplo?,Esta es una opcion;Esta es otra opcion;Esta es la ultima opcion,Esta es la respuesta de la pregunta
2,4,600,¿Esta es una pregunta Nivel 4 de ejemplo?,,Esta es la respuesta de la pregunta
2,4,600,¿Esta es una pregunta Nivel 4 de ejemplo?,Esta es una opcion;Esta es otra opcion;Esta es la ultima opcion,Esta es la respuesta de la pregunta
2,4,600,¿Esta es una pregunta Nivel 4 de ejemplo?,,Esta es la respuesta de la pregunta
2,4,600,¿Esta es una pregunta Nivel 4 de ejemplo?,Esta es una opcion;Esta es otra opcion;Esta es la ultima opcion,Esta es la respuesta de la pregunta
2,4,600,¿Esta es una pregunta Nivel 4 de ejemplo?,,Esta es la respuesta de la pregunta
2,1,800,¿Esta es una pregunta Nivel 1 de ejemplo?,Esta es una opcion;Esta es otra opcion;Esta es la ultima opcion,Esta es la respuesta de la pregunta
2,1,800,¿Esta es una pregunta Nivel 1 de ejemplo?,,Esta es la respuesta de la pregunta
2,1,800,¿Esta es una pregunta Nivel 1 de ejemplo?,Esta es una opcion;Esta es otra opcion;Esta es la ultima opcion,Esta es la respuesta de la pregunta
2,1,800,¿Esta es una pregunta Nivel 1 de ejemplo?,,Esta es la respuesta de la pregunta
2,1,800,¿Esta es una pregunta Nivel 1 de ejemplo?,Esta es una opcion;Esta es otra opcion;Esta es la ultima opcion,Esta es la respuesta de la pregunta
2,2,800,¿Esta es una pregunta Nivel 2 de ejemplo?,,Esta es la respuesta de la pregunta
2,2,800,¿Esta es una pregunta Nivel 2 de ejemplo?,Esta es una opcion;Esta es otra opcion;Esta es la ultima opcion,Esta es la respuesta de la pregunta
2,2,800,¿Esta es una pregunta Nivel 2 de ejemplo?,,Esta es la respuesta de la pregunta
2,2,800,¿Esta es una pregunta Nivel 2 de ejemplo?,Esta es una opcion;Esta es otra opcion;Esta es la ultima opcion,Esta es la respuesta de la pregunta
2,2,800,¿Esta es una pregunta Nivel 2 de ejemplo?,,Esta es la respuesta de la pregunta
2,3,800,¿Esta es una pregunta Nivel 3 de ejemplo?,Esta es una opcion;Esta es otra opcion;Esta es la ultima opcion,Esta es la respuesta de la pregunta
2,3,800,¿Esta es una pregunta Nivel 3 de ejemplo?,,Esta es la respuesta de la pregunta
2,3,800,¿Esta es una pregunta Nivel 3 de ejemplo?,Esta es una opcion;Esta es otra opcion;Esta es la ultima opcion,Esta es la respuesta de la pregunta
2,3,800,¿Esta es una pregunta Nivel 3 de ejemplo?,,Esta es la respuesta de la pregunta
2,3,800,¿Esta es una pregunta Nivel 3 de ejemplo?,Esta es una opcion;Esta es otra opcion;Esta es la ultima opcion,Esta es la respuesta de la pregunta
2,4,800,¿Esta es una pregunta Nivel 4 de ejemplo?,,Esta es la respuesta de la pregunta
2,4,800,¿Esta es una pregunta Nivel 4 de ejemplo?,Esta es una opcion;Esta es otra opcion;Esta es la ultima opcion,Esta es la respuesta de la pregunta
2,4,800,¿Esta es una pregunta Nivel 4 de ejemplo?,,Esta es la respuesta de la pregunta
2,4,800,¿Esta es una pregunta Nivel 4 de ejemplo?,Esta es una opcion;Esta es otra opcion;Esta es la ultima opcion,Esta es la respuesta de la pregunta
2,4,800,¿Esta es una pregunta Nivel 4 de ejemplo?,,Esta es la respuesta de la pregunta
2,1,1000,¿Esta es una pregunta Nivel 1 de ejemplo?,Esta es una opcion;Esta es otra opcion;Esta es la ultima opcion,Esta es la respuesta de la pregunta
2,1,1000,¿Esta es una pregunta Nivel 1 de ejemplo?,,Esta es la respuesta de la pregunta
2,1,1000,¿Esta es una pregunta Nivel 1 de ejemplo?,Esta es una opcion;Esta es otra opcion;Esta es la ultima opcion,Esta es la respuesta de la pregunta
2,1,1000,¿Esta es una pregunta Nivel 1 de ejemplo?,,Esta es la respuesta de la pregunta
2,1,1000,¿Esta es una pregunta Nivel 1 de ejemplo?,Esta es una opcion;Esta es otra opcion;Esta es la ultima opcion,Esta es la respuesta de la pregunta
2,2,1000,¿Esta es una pregunta Nivel 2 de ejemplo?,,Esta es la respuesta de la pregunta
2,2,1000,¿Esta es una pregunta Nivel 2 de ejemplo?,Esta es una opcion;Esta es otra opcion;Esta es la ultima opcion,Esta es la respuesta de la pregunta
2,2,1000,¿Esta es una pregunta Nivel 2 de ejemplo?,,Esta es la respuesta de la pregunta
2,2,1000,¿Esta es una pregunta Nivel 2 de ejemplo?,Esta es una opcion;Esta es otra opcion;Esta es la ultima opcion,Esta es la respuesta de la pregunta
2,2,1000,¿Esta es una pregunta Nivel 2 de ejemplo?,,Esta es la respuesta de la pregunta
2,3,1000,¿Esta es una pregunta Nivel 3 de ejemplo?,Esta es una opcion;Esta es otra opcion;Esta es la ultima opcion,Esta es la respuesta de la pregunta
2,3,1000,¿Esta es una pregunta Nivel 3 de ejemplo?,,Esta es la respuesta de la pregunta
2,3,1000,¿Esta es una pregunta Nivel 3 de ejemplo?,Esta es una opcion;Esta es otra opcion;Esta es la ultima opcion,Esta es la respuesta de la pregunta
2,3,1000,¿Esta es una pregunta Nivel 3 de ejemplo?,,Esta es la respuesta de la pregunta
2,3,1000,¿Esta es una pregunta Nivel 3 de ejemplo?,Esta es una opcion;Esta es otra opcion;Esta es la ultima opcion,Esta es la respuesta de la pregunta
2,4,1000,¿Esta es una pregunta Nivel 4 de ejemplo?,,Esta es la respuesta de la pregunta
2,4,1000,¿Esta es una pregunta Nivel 4 de ejemplo?,Esta es una opcion;Esta es otra opcion;Esta es la ultima opcion,Esta es la respuesta de la pregunta
2,4,1000,¿Esta es una pregunta Nivel 4 de ejemplo?,,Esta es la respuesta de la pregunta
2,4,1000,¿Esta es una pregunta Nivel 4 de ejemplo?,Esta es una opcion;Esta es otra opcion;Esta es la ultima opcion,Esta es la respuesta de la pregunta
2,4,1000,¿Esta es una pregunta Nivel 4 de ejemplo?,,Esta es la respuesta de la pregunta
3,1,200,¿Esta es una pregunta Nivel 1 de ejemplo?,Esta es una opcion;Esta es otra opcion;Esta es la ultima opcion,Esta es la respuesta de la pregunta
3,1,200,¿Esta es una pregunta Nivel 1 de ejemplo?,,Esta es la respuesta de la pregunta
3,1,200,¿Esta es una pregunta Nivel 1 de ejemplo?,Esta es una opcion;Esta es otra opcion;Esta es la ultima opcion,Esta es la respuesta de la pregunta
3,1,200,¿Esta es una pregunta Nivel 1 de ejemplo?,,Esta es la respuesta de la pregunta
3,1,200,¿Esta es una pregunta Nivel 1 de ejemplo?,Esta es una opcion;Esta es otra opcion;Esta es la ultima opcion,Esta es la respuesta de la pregunta
3,2,200,¿Esta es una pregunta Nivel 2 de ejemplo?,,Esta es la respuesta de la pregunta
3,2,200,¿Esta es una pregunta Nivel 2 de ejemplo?,Esta es una opcion;Esta es otra opcion;Esta es la ultima opcion,Esta es la respuesta de la pregunta
3,2,200,¿Esta es una pregunta Nivel 2 de ejemplo?,,Esta es la respuesta de la pregunta
3,2,200,¿Esta es una pregunta Nivel 2 de ejemplo?,Esta es una opcion;Esta es otra opcion;Esta es la ultima opcion,Esta es la respuesta de la pregunta
3,2,200,¿Esta es una pregunta Nivel 2 de ejemplo?,,Esta es la respuesta de la pregunta
3,3,200,¿Esta es una pregunta Nivel 3 de ejemplo?,Esta es una opcion;Esta es otra opcion;Esta es la ultima opcion,Esta es la respuesta de la pregunta
3,3,200,¿Esta es una pregunta Nivel 3 de ejemplo?,,Esta es la respuesta de la pregunta
3,3,200,¿Esta es una pregunta Nivel 3 de ejemplo?,Esta es una opcion;Esta es otra opcion;Esta es la ultima opcion,Esta es la respuesta de la pregunta
3,3,200,¿Esta es una pregunta Nivel 3 de ejemplo?,,Esta es la respuesta de la pregunta
3,3,200,¿Esta es una pregunta Nivel 3 de ejemplo?,Esta es una opcion;Esta es otra opcion;Esta es la ultima opcion,Esta es la respuesta de la pregunta
3,4,200,¿Esta es una pregunta Nivel 4 de ejemplo?,,Esta es la respuesta de la pregunta
3,4,200,¿Esta es una pregunta Nivel 4 de ejemplo?,Esta es una opcion;Esta es otra opcion;Esta es la ultima opcion,Esta es la respuesta de la pregunta
3,4,200,¿Esta es una pregunta Nivel 4 de ejemplo?,,Esta es la respuesta de la pregunta
3,4,200,¿Esta es una pregunta Nivel 4 de ejemplo?,Esta es una opcion;Esta es otra opcion;Esta es la ultima opcion,Esta es la respuesta de la pregunta
3,4,200,¿Esta es una pregunta Nivel 4 de ejemplo?,,Esta es la respuesta de la pregunta
3,1,400,¿Esta es una pregunta Nivel 1 de ejemplo?,Esta es una opcion;Esta es otra opcion;Esta es la ultima opcion,Esta es la respuesta de la pregunta
3,1,400,¿Esta es una pregunta Nivel 1 de ejemplo?,,Esta es la respuesta de la pregunta
3,1,400,¿Esta es una pregunta Nivel 1 de ejemplo?,Esta es una opcion;Esta es otra opcion;Esta es la ultima opcion,Esta es la respuesta de la pregunta
3,1,400,¿Esta es una pregunta Nivel 1 de ejemplo?,,Esta es la respuesta de la pregunta
3,1,400,¿Esta es una pregunta Nivel 1 de ejemplo?,Esta es una opcion;Esta es otra opcion;Esta es la ultima opcion,Esta es la respuesta de la pregunta
3,2,400,¿Esta es una pregunta Nivel 2 de ejemplo?,,Esta es la respuesta de la pregunta
3,2,400,¿Esta es una pregunta Nivel 2 de ejemplo?,Esta es una opcion;Esta es otra opcion;Esta es la ultima opcion,Esta es la respuesta de la pregunta
3,2,400,¿Esta es una pregunta Nivel 2 de ejemplo?,,Esta es la respuesta de la pregunta
3,2,400,¿Esta es una pregunta Nivel 2 de ejemplo?,Esta es una opcion;Esta es otra opcion;Esta es la ultima opcion,Esta es la respuesta de la pregunta
3,2,400,¿Esta es una pregunta Nivel 2 de ejemplo?,,Esta es la respuesta de la pregunta
3,3,400,¿Esta es una pregunta Nivel 3 de ejemplo?,Esta es una opcion;Esta es otra opcion;Esta es la ultima opcion,Esta es la respuesta de la pregunta
3,3,400,¿Esta es una pregunta Nivel 3 de ejemplo?,,Esta es la respuesta de la pregunta
3,3,400,¿Esta es una pregunta Nivel 3 de ejemplo?,Esta es una opcion;Esta es otra opcion;Esta es la ultima opcion,Esta es la respuesta de la pregunta
3,3,400,¿Esta es una pregunta Nivel 3 de ejemplo?,,Esta es la respuesta de la pregunta
3,3,400,¿Esta es una pregunta Nivel 3 de ejemplo?,Esta es una opcion;Esta es otra opcion;Esta es la ultima opcion,Esta es la respuesta de la pregunta
3,4,400,¿Esta es una pregunta Nivel 4 de ejemplo?,,Esta es la respuesta de la pregunta
3,4,400,¿Esta es una pregunta Nivel 4 de ejemplo?,Esta es una opcion;Esta es otra opcion;Esta es la ultima opcion,Esta es la respuesta de la pregunta
3,4,400,¿Esta es una pregunta Nivel 4 de ejemplo?,,Esta es la respuesta de la pregunta
3,4,400,¿Esta es una pregunta Nivel 4 de ejemplo?,Esta es una opcion;Esta es otra opcion;Esta es la ultima opcion,Esta es la respuesta de la pregunta
3,4,400,¿Esta es una pregunta Nivel 4 de ejemplo?,,Esta es la respuesta de la pregunta
3,1,600,¿Esta es una pregunta Nivel 1 de ejemplo?,Esta es una opcion;Esta es otra opcion;Esta es la ultima opcion,Esta es la respuesta de la pregunta
3,1,600,¿Esta es una pregunta Nivel 1 de ejemplo?,,Esta es la respuesta de la pregunta
3,1,600,¿Esta es una pregunta Nivel 1 de ejemplo?,Esta es una opcion;Esta es otra opcion;Esta es la ultima opcion,Esta es la respuesta de la pregunta
3,1,600,¿Esta es una pregunta Nivel 1 de ejemplo?,,Esta es la respuesta de la pregunta
3,1,600,¿Esta es una pregunta Nivel 1 de ejemplo?,Esta es una opcion;Esta es otra opcion;Esta es la ultima opcion,Esta es la respuesta de la pregunta
3,2,600,¿Esta es una pregunta Nivel 2 de ejemplo?,,Esta es la respuesta de la pregunta
3,2,600,¿Esta es una pregunta Nivel 2 de ejemplo?,Esta es una opcion;Esta es otra opcion;Esta es la ultima opcion,Esta es la respuesta de la pregunta
3,2,600,¿Esta es una pregunta Nivel 2 de ejemplo?,,Esta es la respuesta de la pregunta
3,2,600,¿Esta es una pregunta Nivel 2 de ejemplo?,Esta es una opcion;Esta es otra opcion;Esta es la ultima opcion,Esta es la respuesta de la pregunta
3,2,600,¿Esta es una pregunta Nivel 2 de ejemplo?,,Esta es la respuesta de la pregunta
3,3,600,¿Esta es una pregunta Nivel 3 de ejemplo?,Esta es una opcion;Esta es otra opcion;Esta es la ultima opcion,Esta es la respuesta de la pregunta
3,3,600,¿Esta es una pregunta Nivel 3 de ejemplo?,,Esta es la respuesta de la pregunta
3,3,600,¿Esta es una pregunta Nivel 3 de ejemplo?,Esta es una opcion;Esta es otra opcion;Esta es la ultima opcion,Esta es la respuesta de la pregunta
3,3,600,¿Esta es una pregunta Nivel 3 de ejemplo?,,Esta es la respuesta de la pregunta
3,3,600,¿Esta es una pregunta Nivel 3 de ejemplo?,Esta es una opcion;Esta es otra opcion;Esta es la ultima opcion,Esta es la respuesta de la pregunta
3,4,600,¿Esta es una pregunta Nivel 4 de ejemplo?,,Esta es la respuesta de la pregunta
3,4,600,¿Esta es una pregunta Nivel 4 de ejemplo?,Esta es una opcion;Esta es otra opcion;Esta es la ultima opcion,Esta es la respuesta de la pregunta
3,4,600,¿Esta es una pregunta Nivel 4 de ejemplo?,,Esta es la respuesta de la pregunta
3,4,600,¿Esta es una pregunta Nivel 4 de ejemplo?,Esta es una opcion;Esta es otra opcion;Esta es la ultima opcion,Esta es la respuesta de la pregunta
3,4,600,¿Esta es una pregunta Nivel 4 de ejemplo?,,Esta es la respuesta de la pregunta
3,1,800,¿Esta es una pregunta Nivel 1 de ejemplo?,Esta es una opcion;Esta es otra opcion;Esta es la ultima opcion,Esta es la respuesta de la pregunta
3,1,800,¿Esta es una pregunta Nivel 1 de ejemplo?,,Esta es la respuesta de la pregunta
3,1,800,¿Esta es una pregunta Nivel 1 de ejemplo?,Esta es una opcion;Esta es otra opcion;Esta es la ultima opcion,Esta es la respuesta de la pregunta
3,1,800,¿Esta es una pregunta Nivel 1 de ejemplo?,,Esta es la respuesta de la pregunta
3,1,800,¿Esta es una pregunta Nivel 1 de ejemplo?,Esta es una opcion;Esta es otra opcion;Esta es la ultima opcion,Esta es la respuesta de la pregunta
3,2,800,¿Esta es una pregunta Nivel 2 de ejemplo?,,Esta es la respuesta de la pregunta
3,2,800,¿Esta es una pregunta Nivel 2 de ejemplo?,Esta es una opcion;Esta es otra opcion;Esta es la ultima opcion,Esta es la respuesta de la pregunta
3,2,800,¿Esta es una pregunta Nivel 2 de ejemplo?,,Esta es la respuesta de la pregunta
3,2,800,¿Esta es una pregunta Nivel 2 de ejemplo?,Esta es una opcion;Esta es otra opcion;Esta es la ultima opcion,Esta es la respuesta de la pregunta
3,2,800,¿Esta es una pregunta Nivel 2 de ejemplo?,,Esta es la respuesta de la pregunta
3,3,800,¿Esta es una pregunta Nivel 3 de ejemplo?,Esta es una opcion;Esta es otra opcion;Esta es la ultima opcion,Esta es la respuesta de la pregunta
3,3,800,¿Esta es una pregunta Nivel 3 de ejemplo?,,Esta es la respuesta de la pregunta
3,3,800,¿Esta es una pregunta Nivel 3 de ejemplo?,Esta es una opcion;Esta es otra opcion;Esta es la ultima opcion,Esta es la respuesta de la pregunta
3,3,800,¿Esta es una pregunta Nivel 3 de ejemplo?,,Esta es la respuesta de la pregunta
3,3,800,¿Esta es una pregunta Nivel 3 de ejemplo?,Esta es una opcion;Esta es otra opcion;Esta es la ultima opcion,Esta es la respuesta de la pregunta
3,4,800,¿Esta es una pregunta Nivel 4 de ejemplo?,,Esta es la respuesta de la pregunta
3,4,800,¿Esta es una pregunta Nivel 4 de ejemplo?,Esta es una opcion;Esta es otra opcion;Esta es la ultima opcion,Esta es la respuesta de la pregunta
3,4,800,¿Esta es una pregunta Nivel 4 de ejemplo?,,Esta es la respuesta de la pregunta
3,4,800,¿Esta es una pregunta Nivel 4 de ejemplo?,Esta es una opcion;Esta es otra opcion;Esta es la ultima opcion,Esta es la respuesta de la pregunta
3,4,800,¿Esta es una pregunta Nivel 4 de ejemplo?,,Esta es la respuesta de la pregunta
3,1,1000,¿Esta es una pregunta Nivel 1 de ejemplo?,Esta es una opcion;Esta es otra opcion;Esta es la ultima opcion,Esta es la respuesta de la pregunta
3,1,1000,¿Esta es una pregunta Nivel 1 de ejemplo?,,Esta es la respuesta de la pregunta
3,1,1000,¿Esta es una pregunta Nivel 1 de ejemplo?,Esta es una opcion;Esta es otra opcion;Esta es la ultima opcion,Esta es la respuesta de la pregunta
3,1,1000,¿Esta es una pregunta Nivel 1 de ejemplo?,,Esta es la respuesta de la pregunta
3,1,1000,¿Esta es una pregunta Nivel 1 de ejemplo?,Esta es una opcion;Esta es otra opcion;Esta es la ultima opcion,Esta es la respuesta de la pregunta
3,2,1000,¿Esta es una pregunta Nivel 2 de ejemplo?,,Esta es la respuesta de la pregunta
3,2,1000,¿Esta es una pregunta Nivel 2 de ejemplo?,Esta es una opcion;Esta es otra opcion;Esta es la ultima opcion,Esta es la respuesta de la pregunta
3,2,1000,¿Esta es una pregunta Nivel 2 de ejemplo?,,Esta es la respuesta de la pregunta
3,2,1000,¿Esta es una pregunta Nivel 2 de ejemplo?,Esta es una opcion;Esta es otra opcion;Esta es la ultima opcion,Esta es la respuesta de la pregunta
3,2,1000,¿Esta es una pregunta Nivel 2 de ejemplo?,,Esta es la respuesta de la pregunta
3,3,1000,¿Esta es una pregunta Nivel 3 de ejemplo?,Esta es una opcion;Esta es otra opcion;Esta es la ultima opcion,Esta es la respuesta de la pregunta
3,3,1000,¿Esta es una pregunta Nivel 3 de ejemplo?,,Esta es la respuesta de la pregunta
3,3,1000,¿Esta es una pregunta Nivel 3 de ejemplo?,Esta es una opcion;Esta es otra opcion;Esta es la ultima opcion,Esta es la respuesta de la pregunta
3,3,1000,¿Esta es una pregunta Nivel 3 de ejemplo?,,Esta es la respuesta de la pregunta
3,3,1000,¿Esta es una pregunta Nivel 3 de ejemplo?,Esta es una opcion;Esta es otra opcion;Esta es la ultima opcion,Esta es la respuesta de la pregunta
3,4,1000,¿Esta es una pregunta Nivel 4 de ejemplo?,,Esta es la respuesta de la pregunta
3,4,1000,¿Esta es una pregunta Nivel 4 de ejemplo?,Esta es una opcion;Esta es otra opcion;Esta es la ultima opcion,Esta es la respuesta de la pregunta
3,4,1000,¿Esta es una pregunta Nivel 4 de ejemplo?,,Esta es la respuesta de la pregunta
3,4,1000,¿Esta es una pregunta Nivel 4 de ejemplo?,Esta es una opcion;Esta es otra opcion;Esta es la ultima opcion,Esta es la respuesta de la pregunta
3,4,1000,¿Esta es una pregunta Nivel 4 de ejemplo?,,Esta es la respuesta de la pregunta
4,1,200,¿Esta es una pregunta Nivel 1 de ejemplo?,Esta es una opcion;Esta es otra opcion;Esta es la ultima opcion,Esta es la respuesta de la pregunta
4,1,200,¿Esta es una pregunta Nivel 1 de ejemplo?,,Esta es la respuesta de la pregunta
4,1,200,¿Esta es una pregunta Nivel 1 de ejemplo?,Esta es una opcion;Esta es otra opcion;Esta es la ultima opcion,Esta es la respuesta de la pregunta
4,1,200,¿Esta es una pregunta Nivel 1 de ejemplo?,,Esta es la respuesta de la pregunta
4,1,200,¿Esta es una pregunta Nivel 1 de ejemplo?,Esta es una opcion;Esta es otra opcion;Esta es la ultima opcion,Esta es la respuesta de la pregunta
4,2,200,¿Esta es una pregunta Nivel 2 de ejemplo?,,Esta es la respuesta de la pregunta
4,2,200,¿Esta es una pregunta Nivel 2 de ejemplo?,Esta es una opcion;Esta es otra opcion;Esta es la ultima opcion,Esta es la respuesta de la pregunta
4,2,200,¿Esta es una pregunta Nivel 2 de ejemplo?,,Esta es la respuesta de la pregunta
4,2,200,¿Esta es una pregunta Nivel 2 de ejemplo?,Esta es una opcion;Esta es otra opcion;Esta es la ultima opcion,Esta es la respuesta de la pregunta
4,2,200,¿Esta es una pregunta Nivel 2 de ejemplo?,,Esta es la respuesta de la pregunta
4,3,200,¿Esta es una pregunta Nivel 3 de ejemplo?,Esta es una opcion;Esta es otra opcion;Esta es la ultima opcion,Esta es la respuesta de la pregunta
4,3,200,¿Esta es una pregunta Nivel 3 de ejemplo?,,Esta es la respuesta de la pregunta
4,3,200,¿Esta es una pregunta Nivel 3 de ejemplo?,Esta es una opcion;Esta es otra opcion;Esta es la ultima opcion,Esta es la respuesta de la pregunta
4,3,200,¿Esta es una pregunta Nivel 3 de ejemplo?,,Esta es la respuesta de la pregunta
4,3,200,¿Esta es una pregunta Nivel 3 de ejemplo?,Esta es una opcion;Esta es otra opcion;Esta es la ultima opcion,Esta es la respuesta de la pregunta
4,4,200,¿Esta es una pregunta Nivel 4 de ejemplo?,,Esta es la respuesta de la pregunta
4,4,200,¿Esta es una pregunta Nivel 4 de ejemplo?,Esta es una opcion;Esta es otra opcion;Esta es la ultima opcion,Esta es la respuesta de la pregunta
4,4,200,¿Esta es una pregunta Nivel 4 de ejemplo?,,Esta es la respuesta de la pregunta
4,4,200,¿Esta es una pregunta Nivel 4 de ejemplo?,Esta es una opcion;Esta es otra opcion;Esta es la ultima opcion,Esta es la respuesta de la pregunta
4,4,200,¿Esta es una pregunta Nivel 4 de ejemplo?,,Esta es la respuesta de la pregunta
4,1,400,¿Esta es una pregunta Nivel 1 de ejemplo?,Esta es una opcion;Esta es otra opcion;Esta es la ultima opcion,Esta es la respuesta de la pregunta
4,1,400,¿Esta es una pregunta Nivel 1 de ejemplo?,,Esta es la respuesta de la pregunta
4,1,400,¿Esta es una pregunta Nivel 1 de ejemplo?,Esta es una opcion;Esta es otra opcion;Esta es la ultima opcion,Esta es la respuesta de la pregunta
4,1,400,¿Esta es una pregunta Nivel 1 de ejemplo?,,Esta es la respuesta de la pregunta
4,1,400,¿Esta es una pregunta Nivel 1 de ejemplo?,Esta es una opcion;Esta es otra opcion;Esta es la ultima opcion,Esta es la respuesta de la pregunta
4,2,400,¿Esta es una pregunta Nivel 2 de ejemplo?,,Esta es la respuesta de la pregunta
4,2,400,¿Esta es una pregunta Nivel 2 de ejemplo?,Esta es una opcion;Esta es otra opcion;Esta es la ultima opcion,Esta es la respuesta de la pregunta
4,2,400,¿Esta es una pregunta Nivel 2 de ejemplo?,,Esta es la respuesta de la pregunta
4,2,400,¿Esta es una pregunta Nivel 2 de ejemplo?,Esta es una opcion;Esta es otra opcion;Esta es la ultima opcion,Esta es la respuesta de la pregunta
4,2,400,¿Esta es una pregunta Nivel 2 de ejemplo?,,Esta es la respuesta de la pregunta
4,3,400,¿Esta es una pregunta Nivel 3 de ejemplo?,Esta es una opcion;Esta es otra opcion;Esta es la ultima opcion,Esta es la respuesta de la pregunta
4,3,400,¿Esta es una pregunta Nivel 3 de ejemplo?,,Esta es la respuesta de la pregunta
4,3,400,¿Esta es una pregunta Nivel 3 de ejemplo?,Esta es una opcion;Esta es otra opcion;Esta es la ultima opcion,Esta es la respuesta de la pregunta
4,3,400,¿Esta es una pregunta Nivel 3 de ejemplo?,,Esta es la respuesta de la pregunta
4,3,400,¿Esta es una pregunta Nivel 3 de ejemplo?,Esta es una opcion;Esta es otra opcion;Esta es la ultima opcion,Esta es la respuesta de la pregunta
4,4,400,¿Esta es una pregunta Nivel 4 de ejemplo?,,Esta es la respuesta de la pregunta
4,4,400,¿Esta es una pregunta Nivel 4 de ejemplo?,Esta es una opcion;Esta es otra opcion;Esta es la ultima opcion,Esta es la respuesta de la pregunta
4,4,400,¿Esta es una pregunta Nivel 4 de ejemplo?,,Esta es la respuesta de la pregunta
4,4,400,¿Esta es una pregunta Nivel 4 de ejemplo?,Esta es una opcion;Esta es otra opcion;Esta es la ultima opcion,Esta es la respuesta de la pregunta
4,4,400,¿Esta es una pregunta Nivel 4 de ejemplo?,,Esta es la respuesta de la pregunta
4,1,600,¿Esta es una pregunta Nivel 1 de ejemplo?,Esta es una opcion;Esta es otra opcion;Esta es la ultima opcion,Esta es la respuesta de la pregunta
4,1,600,¿Esta es una pregunta Nivel 1 de ejemplo?,,Esta es la respuesta de la pregunta
4,1,600,¿Esta es una pregunta Nivel 1 de ejemplo?,Esta es una opcion;Esta es otra opcion;Esta es la ultima opcion,Esta es la respuesta de la pregunta
4,1,600,¿Esta es una pregunta Nivel 1 de ejemplo?,,Esta es la respuesta de la pregunta
4,1,600,¿Esta es una pregunta Nivel 1 de ejemplo?,Esta es una opcion;Esta es otra opcion;Esta es la ultima opcion,Esta es la respuesta de la pregunta
4,2,600,¿Esta es una pregunta Nivel 2 de ejemplo?,,Esta es la respuesta de la pregunta
4,2,600,¿Esta es una pregunta Nivel 2 de ejemplo?,Esta es una opcion;Esta es otra opcion;Esta es la ultima opcion,Esta es la respuesta de la pregunta
4,2,600,¿Esta es una pregunta Nivel 2 de ejemplo?,,Esta es la respuesta de la pregunta
4,2,600,¿Esta es una pregunta Nivel 2 de ejemplo?,Esta es una opcion;Esta es otra opcion;Esta es la ultima opcion,Esta es la respuesta de la pregunta
4,2,600,¿Esta es una pregunta Nivel 2 de ejemplo?,,Esta es la respuesta de la pregunta
4,3,600,¿Esta es una pregunta Nivel 3 de ejemplo?,Esta es una opcion;Esta es otra opcion;Esta es la ultima opcion,Esta es la respuesta de la pregunta
4,3,600,¿Esta es una pregunta Nivel 3 de ejemplo?,,Esta es la respuesta de la pregunta
4,3,600,¿Esta es una pregunta Nivel 3 de ejemplo?,Esta es una opcion;Esta es otra opcion;Esta es la ultima opcion,Esta es la respuesta de la pregunta
4,3,600,¿Esta es una pregunta Nivel 3 de ejemplo?,,Esta es la respuesta de la pregunta
4,3,600,¿Esta es una pregunta Nivel 3 de ejemplo?,Esta es una opcion;Esta es otra opcion;Esta es la ultima opcion,Esta es la respuesta de la pregunta
4,4,600,¿Esta es una pregunta Nivel 4 de ejemplo?,,Esta es la respuesta de la pregunta
4,4,600,¿Esta es una pregunta Nivel 4 de ejemplo?,Esta es una opcion;Esta es otra opcion;Esta es la ultima opcion,Esta es la respuesta de la pregunta
4,4,600,¿Esta es una pregunta Nivel 4 de ejemplo?,,Esta es la respuesta de la pregunta
4,4,600,¿Esta es una pregunta Nivel 4 de ejemplo?,Esta es una opcion;Esta es otra opcion;Esta es la ultima opcion,Esta es la respuesta de la pregunta
4,4,600,¿Esta es una pregunta Nivel 4 de ejemplo?,,Esta es la respuesta de la pregunta
4,1,800,¿Esta es una pregunta Nivel 1 de ejemplo?,Esta es una opcion;Esta es otra opcion;Esta es la ultima opcion,Esta es la respuesta de la pregunta
4,1,800,¿Esta es una pregunta Nivel 1 de ejemplo?,,Esta es la respuesta de la pregunta
4,1,800,¿Esta es una pregunta Nivel 1 de ejemplo?,Esta es una opcion;Esta es otra opcion;Esta es la ultima opcion,Esta es la respuesta de la pregunta
4,1,800,¿Esta es una pregunta Nivel 1 de ejemplo?,,Esta es la respuesta de la pregunta
4,1,800,¿Esta es una pregunta Nivel 1 de ejemplo?,Esta es una opcion;Esta es otra opcion;Esta es la ultima opcion,Esta es la respuesta de la pregunta
4,2,800,¿Esta es una pregunta Nivel 2 de ejemplo?,,Esta es la respuesta de la pregunta
4,2,800,¿Esta es una pregunta Nivel 2 de ejemplo?,Esta es una opcion;Esta es otra opcion;Esta es la ultima opcion,Esta es la respuesta de la pregunta
4,2,800,¿Esta es una pregunta Nivel 2 de ejemplo?,,Esta es la respuesta de la pregunta
4,2,800,¿Esta es una pregunta Nivel 2 de ejemplo?,Esta es una opcion;Esta es otra opcion;Esta es la ultima opcion,Esta es la respuesta de la pregunta
4,2,800,¿Esta es una pregunta Nivel 2 de ejemplo?,,Esta es la respuesta de la pregunta
4,3,800,¿Esta es una pregunta Nivel 3 de ejemplo?,Esta es una opcion;Esta es otra opcion;Esta es la ultima opcion,Esta es la respuesta de la pregunta
4,3,800,¿Esta es una pregunta Nivel 3 de ejemplo?,,Esta es la respuesta de la pregunta
4,3,800,¿Esta es una pregunta Nivel 3 de ejemplo?,Esta es una opcion;Esta es otra opcion;Esta es la ultima opcion,Esta es la respuesta de la pregunta
4,3,800,¿Esta es una pregunta Nivel 3 de ejemplo?,,Esta es la respuesta de la pregunta
4,3,800,¿Esta es una pregunta Nivel 3 de ejemplo?,Esta es una opcion;Esta es otra opcion;Esta es la ultima opcion,Esta es la respuesta de la pregunta
4,4,800,¿Esta es una pregunta Nivel 4 de ejemplo?,,Esta es la respuesta de la pregunta
4,4,800,¿Esta es una pregunta Nivel 4 de ejemplo?,Esta es una opcion;Esta es otra opcion;Esta es la ultima opcion,Esta es la respuesta de la pregunta
4,4,800,¿Esta es una pregunta Nivel 4 de ejemplo?,,Esta es la respuesta de la pregunta
4,4,800,¿Esta es una pregunta Nivel 4 de ejemplo?,Esta es una opcion;Esta es otra opcion;Esta es la ultima opcion,Esta es la respuesta de la pregunta
4,4,800,¿Esta es una pregunta Nivel 4 de ejemplo?,,Esta es la respuesta de la pregunta
4,1,1000,¿Esta es una pregunta Nivel 1 de ejemplo?,Esta es una opcion;Esta es otra opcion;Esta es la ultima opcion,Esta es la respuesta de la pregunta
4,1,1000,¿Esta es una pregunta Nivel 1 de ejemplo?,,Esta es la respuesta de la pregunta
4,1,1000,¿Esta es una pregunta Nivel 1 de ejemplo?,Esta es una opcion;Esta es otra opcion;Esta es la ultima opcion,Esta es la respuesta de la pregunta
4,1,1000,¿Esta es una pregunta Nivel 1 de ejemplo?,,Esta es la respuesta de la pregunta
4,1,1000,¿Esta es una pregunta Nivel 1 de ejemplo?,Esta es una opcion;Esta es otra opcion;Esta es la ultima opcion,Esta es la respuesta de la pregunta
4,2,1000,¿Esta es una pregunta Nivel 2 de ejemplo?,,Esta es la respuesta de la pregunta
4,2,1000,¿Esta es una pregunta Nivel 2 de ejemplo?,Esta es una opcion;Esta es otra opcion;Esta es la ultima opcion,Esta es la respuesta de la pregunta
4,2,1000,¿Esta es una pregunta Nivel 2 de ejemplo?,,Esta es la respuesta de la pregunta
4,2,1000,¿Esta es una pregunta Nivel 2 de ejemplo?,Esta es una opcion;Esta es otra opcion;Esta es la ultima opcion,Esta es la respuesta de la pregunta
4,2,1000,¿Esta es una pregunta Nivel 2 de ejemplo?,,Esta es la respuesta de la pregunta
4,3,1000,¿Esta es una pregunta Nivel 3 de ejemplo?,Esta es una opcion;Esta es otra opcion;Esta es la ultima opcion,Esta es la respuesta de la pregunta
4,3,1000,¿Esta es una pregunta Nivel 3 de ejemplo?,,Esta es la respuesta de la pregunta
4,3,1000,¿Esta es una pregunta Nivel 3 de ejemplo?,Esta es una opcion;Esta es otra opcion;Esta es la ultima opcion,Esta es la respuesta de la pregunta
4,3,1000,¿Esta es una pregunta Nivel 3 de ejemplo?,,Esta es la respuesta de la pregunta
4,3,1000,¿Esta es una pregunta Nivel 3 de ejemplo?,Esta es una opcion;Esta es otra opcion;Esta es la ultima opcion,Esta es la respuesta de la pregunta
4,4,1000,¿Esta es una pregunta Nivel 4 de ejemplo?,,Esta es la respuesta de la pregunta
4,4,1000,¿Esta es una pregunta Nivel 4 de ejemplo?,Esta es una opcion;Esta es otra opcion;Esta es la ultima opcion,Esta es la respuesta de la pregunta
4,4,1000,¿Esta es una pregunta Nivel 4 de ejemplo?,,Esta es la respuesta de la pregunta
4,4,1000,¿Esta es una pregunta Nivel 4 de ejemplo?,Esta es una opcion;Esta es otra opcion;Esta es la ultima opcion,Esta es la respuesta de la pregunta
4,4,1000,¿Esta es una pregunta Nivel 4 de ejemplo?,,Esta es la respuesta de la pregunta
5,1,200,¿Esta es una pregunta Nivel 1 de ejemplo?,Esta es una opcion;Esta es otra opcion;Esta es la ultima opcion,Esta es la respuesta de la pregunta
5,1,200,¿Esta es una pregunta Nivel 1 de ejemplo?,,Esta es la respuesta de la pregunta
5,1,200,¿Esta es una pregunta Nivel 1 de ejemplo?,Esta es una opcion;Esta es otra opcion;Esta es la ultima opcion,Esta es la respuesta de la pregunta
5,1,200,¿Esta es una pregunta Nivel 1 de ejemplo?,,Esta es la respuesta de la pregunta
5,1,200,¿Esta es una pregunta Nivel 1 de ejemplo?,Esta es una opcion;Esta es otra opcion;Esta es la ultima opcion,Esta es la respuesta de la pregunta
5,2,200,¿Esta es una pregunta Nivel 2 de ejemplo?,,Esta es la respuesta de la pregunta
5,2,200,¿Esta es una pregunta Nivel 2 de ejemplo?,Esta es una opcion;Esta es otra opcion;Esta es la ultima opcion,Esta es la respuesta de la pregunta
5,2,200,¿Esta es una pregunta Nivel 2 de ejemplo?,,Esta es la respuesta de la pregunta
5,2,200,¿Esta es una pregunta Nivel 2 de ejemplo?,Esta es una opcion;Esta es otra opcion;Esta es la ultima opcion,Esta es la respuesta de la pregunta
5,2,200,¿Esta es una pregunta Nivel 2 de ejemplo?,,Esta es la respuesta de la pregunta
5,3,200,¿Esta es una pregunta Nivel 3 de ejemplo?,Esta es una opcion;Esta es otra opcion;Esta es la ultima opcion,Esta es la respuesta de la pregunta
5,3,200,¿Esta es una pregunta Nivel 3 de ejemplo?,,Esta es la respuesta de la pregunta
5,3,200,¿Esta es una pregunta Nivel 3 de ejemplo?,Esta es una opcion;Esta es otra opcion;Esta es la ultima opcion,Esta es la respuesta de la pregunta
5,3,200,¿Esta es una pregunta Nivel 3 de ejemplo?,,Esta es la respuesta de la pregunta
5,3,200,¿Esta es una pregunta Nivel 3 de ejemplo?,Esta es una opcion;Esta es otra opcion;Esta es la ultima opcion,Esta es la respuesta de la pregunta
5,4,200,¿Esta es una pregunta Nivel 4 de ejemplo?,,Esta es la respuesta de la pregunta
5,4,200,¿Esta es una pregunta Nivel 4 de ejemplo?,Esta es una opcion;Esta es otra opcion;Esta es la ultima opcion,Esta es la respuesta de la pregunta
5,4,200,¿Esta es una pregunta Nivel 4 de ejemplo?,,Esta es la respuesta de la pregunta
5,4,200,¿Esta es una pregunta Nivel 4 de ejemplo?,Esta es una opcion;Esta es otra opcion;Esta es la ultima opcion,Esta es la respuesta de la pregunta
5,4,200,¿Esta es una pregunta Nivel 4 de ejemplo?,,Esta es la respuesta de la pregunta
5,1,400,¿Esta es una pregunta Nivel 1 de ejemplo?,Esta es una opcion;Esta es otra opcion;Esta es la ultima opcion,Esta es la respuesta de la pregunta
5,1,400,¿Esta es una pregunta Nivel 1 de ejemplo?,,Esta es la respuesta de la pregunta
5,1,400,¿Esta es una pregunta Nivel 1 de ejemplo?,Esta es una opcion;Esta es otra opcion;Esta es la ultima opcion,Esta es la respuesta de la pregunta
5,1,400,¿Esta es una pregunta Nivel 1 de ejemplo?,,Esta es la respuesta de la pregunta
5,1,400,¿Esta es una pregunta Nivel 1 de ejemplo?,Esta es una opcion;Esta es otra opcion;Esta es la ultima opcion,Esta es la respuesta de la pregunta
5,2,400,¿Esta es una pregunta Nivel 2 de ejemplo?,,Esta es la respuesta de la pregunta
5,2,400,¿Esta es una pregunta Nivel 2 de ejemplo?,Esta es una opcion;Esta es otra opcion;Esta es la ultima opcion,Esta es la respuesta de la pregunta
5,2,400,¿Esta es una pregunta Nivel 2 de ejemplo?,,Esta es la respuesta de la pregunta
5,2,400,¿Esta es una pregunta Nivel 2 de ejemplo?,Esta es una opcion;Esta es otra opcion;Esta es la ultima opcion,Esta es la respuesta de la pregunta
5,2,400,¿Esta es una pregunta Nivel 2 de ejemplo?,,Esta es la respuesta de la pregunta
5,3,400,¿Esta es una pregunta Nivel 3 de ejemplo?,Esta es una opcion;Esta es otra opcion;Esta es la ultima opcion,Esta es la respuesta de la pregunta
5,3,400,¿Esta es una pregunta Nivel 3 de ejemplo?,,Esta es la respuesta de la pregunta
5,3,400,¿Esta es una pregunta Nivel 3 de ejemplo?,Esta es una opcion;Esta es otra opcion;Esta es la ultima opcion,Esta es la respuesta de la pregunta
5,3,400,¿Esta es una pregunta Nivel 3 de ejemplo?,,Esta es la respuesta de la pregunta
5,3,400,¿Esta es una pregunta Nivel 3 de ejemplo?,Esta es una opcion;Esta es otra opcion;Esta es la ultima opcion,Esta es la respuesta de la pregunta
5,4,400,¿Esta es una pregunta Nivel 4 de ejemplo?,,Esta es la respuesta de la pregunta
5,4,400,¿Esta es una pregunta Nivel 4 de ejemplo?,Esta es una opcion;Esta es otra opcion;Esta es la ultima opcion,Esta es la respuesta de la pregunta
5,4,400,¿Esta es una pregunta Nivel 4 de ejemplo?,,Esta es la respuesta de la pregunta
5,4,400,¿Esta es una pregunta Nivel 4 de ejemplo?,Esta es una opcion;Esta es otra opcion;Esta es la ultima opcion,Esta es la respuesta de la pregunta
5,4,400,¿Esta es una pregunta Nivel 4 de ejemplo?,,Esta es la respuesta de la pregunta
5,1,600,¿Esta es una pregunta Nivel 1 de ejemplo?,Esta es una opcion;Esta es otra opcion;Esta es la ultima opcion,Esta es la respuesta de la pregunta
5,1,600,¿Esta es una pregunta Nivel 1 de ejemplo?,,Esta es la respuesta de la pregunta
5,1,600,¿Esta es una pregunta Nivel 1 de ejemplo?,Esta es una opcion;Esta es otra opcion;Esta es la ultima opcion,Esta es la respuesta de la pregunta
5,1,600,¿Esta es una pregunta Nivel 1 de ejemplo?,,Esta es la respuesta de la pregunta
5,1,600,¿Esta es una pregunta Nivel 1 de ejemplo?,Esta es una opcion;Esta es otra opcion;Esta es la ultima opcion,Esta es la respuesta de la pregunta
5,2,600,¿Esta es una pregunta Nivel 2 de ejemplo?,,Esta es la respuesta de la pregunta
5,2,600,¿Esta es una pregunta Nivel 2 de ejemplo?,Esta es una opcion;Esta es otra opcion;Esta es la ultima opcion,Esta es la respuesta de la pregunta
5,2,600,¿Esta es una pregunta Nivel 2 de ejemplo?,,Esta es la respuesta de la pregunta
5,2,600,¿Esta es una pregunta Nivel 2 de ejemplo?,Esta es una opcion;Esta es otra opcion;Esta es la ultima opcion,Esta es la respuesta de la pregunta
5,2,600,¿Esta es una pregunta Nivel 2 de ejemplo?,,Esta es la respuesta de la pregunta
5,3,600,¿Esta es una pregunta Nivel 3 de ejemplo?,Esta es una opcion;Esta es otra opcion;Esta es la ultima opcion,Esta es la respuesta de la pregunta
5,3,600,¿Esta es una pregunta Nivel 3 de ejemplo?,,Esta es la respuesta de la pregunta
5,3,600,¿Esta es una pregunta Nivel 3 de ejemplo?,Esta es una opcion;Esta es otra opcion;Esta es la ultima opcion,Esta es la respuesta de la pregunta
5,3,600,¿Esta es una pregunta Nivel 3 de ejemplo?,,Esta es la respuesta de la pregunta
5,3,600,¿Esta es una pregunta Nivel 3 de ejemplo?,Esta es una opcion;Esta es otra opcion;Esta es la ultima opcion,Esta es la respuesta de la pregunta
5,4,600,¿Esta es una pregunta Nivel 4 de ejemplo?,,Esta es la respuesta de la pregunta
5,4,600,¿Esta es una pregunta Nivel 4 de ejemplo?,Esta es una opcion;Esta es otra opcion;Esta es la ultima opcion,Esta es la respuesta de la pregunta
5,4,600,¿Esta es una pregunta Nivel 4 de ejemplo?,,Esta es la respuesta de la pregunta
5,4,600,¿Esta es una pregunta Nivel 4 de ejemplo?,Esta es una opcion;Esta es otra opcion;Esta es la ultima opcion,Esta es la respuesta de la pregunta
5,4,600,¿Esta es una pregunta Nivel 4 de ejemplo?,,Esta es la respuesta de la pregunta
5,1,800,¿Esta es una pregunta Nivel 1 de ejemplo?,Esta es una opcion;Esta es otra opcion;Esta es la ultima opcion,Esta es la respuesta de la pregunta
5,1,800,¿Esta es una pregunta Nivel 1 de ejemplo?,,Esta es la respuesta de la pregunta
5,1,800,¿Esta es una pregunta Nivel 1 de ejemplo?,Esta es una opcion;Esta es otra opcion;Esta es la ultima opcion,Esta es la respuesta de la pregunta
5,1,800,¿Esta es una pregunta Nivel 1 de ejemplo?,,Esta es la respuesta de la pregunta
5,1,800,¿Esta es una pregunta Nivel 1 de ejemplo?,Esta es una opcion;Esta es otra opcion;Esta es la ultima opcion,Esta es la respuesta de la pregunta
5,2,800,¿Esta es una pregunta Nivel 2 de ejemplo?,,Esta es la respuesta de la pregunta
5,2,800,¿Esta es una pregunta Nivel 2 de ejemplo?,Esta es una opcion;Esta es otra opcion;Esta es la ultima opcion,Esta es la respuesta de la pregunta
5,2,800,¿Esta es una pregunta Nivel 2 de ejemplo?,,Esta es la respuesta de la pregunta
5,2,800,¿Esta es una pregunta Nivel 2 de ejemplo?,Esta es una opcion;Esta es otra opcion;Esta es la ultima opcion,Esta es la respuesta de la pregunta
5,2,800,¿Esta es una pregunta Nivel 2 de ejemplo?,,Esta es la respuesta de la pregunta
5,3,800,¿Esta es una pregunta Nivel 3 de ejemplo?,Esta es una opcion;Esta es otra opcion;Esta es la ultima opcion,Esta es la respuesta de la pregunta
5,3,800,¿Esta es una pregunta Nivel 3 de ejemplo?,,Esta es la respuesta de la pregunta
5,3,800,¿Esta es una pregunta Nivel 3 de ejemplo?,Esta es una opcion;Esta es otra opcion;Esta es la ultima opcion,Esta es la respuesta de la pregunta
5,3,800,¿Esta es una pregunta Nivel 3 de ejemplo?,,Esta es la respuesta de la pregunta
5,3,800,¿Esta es una pregunta Nivel 3 de ejemplo?,Esta es una opcion;Esta es otra opcion;Esta es la ultima opcion,Esta es la respuesta de la pregunta
5,4,800,¿Esta es una pregunta Nivel 4 de ejemplo?,,Esta es la respuesta de la pregunta
5,4,800,¿Esta es una pregunta Nivel 4 de ejemplo?,Esta es una opcion;Esta es otra opcion;Esta es la ultima opcion,Esta es la respuesta de la pregunta
5,4,800,¿Esta es una pregunta Nivel 4 de ejemplo?,,Esta es la respuesta de la pregunta
5,4,800,¿Esta es una pregunta Nivel 4 de ejemplo?,Esta es una opcion;Esta es otra opcion;Esta es la ultima opcion,Esta es la respuesta de la pregunta
5,4,800,¿Esta es una pregunta Nivel 4 de ejemplo?,,Esta es la respuesta de la pregunta
5,1,1000,¿Esta es una pregunta Nivel 1 de ejemplo?,Esta es una opcion;Esta es otra opcion;Esta es la ultima opcion,Esta es la respuesta de la pregunta
5,1,1000,¿Esta es una pregunta Nivel 1 de ejemplo?,,Esta es la respuesta de la pregunta
5,1,1000,¿Esta es una pregunta Nivel 1 de ejemplo?,Esta es una opcion;Esta es otra opcion;Esta es la ultima opcion,Esta es la respuesta de la pregunta
5,1,1000,¿Esta es una pregunta Nivel 1 de ejemplo?,,Esta es la respuesta de la pregunta
5,1,1000,¿Esta es una pregunta Nivel 1 de ejemplo?,Esta es una opcion;Esta es otra opcion;Esta es la ultima opcion,Esta es la respuesta de la pregunta
5,2,1000,¿Esta es una pregunta Nivel 2 de ejemplo?,,Esta es la respuesta de la pregunta
5,2,1000,¿Esta es una pregunta Nivel 2 de ejemplo?,Esta es una opcion;Esta es otra opcion;Esta es la ultima opcion,Esta es la respuesta de la pregunta
5,2,1000,¿Esta es una pregunta Nivel 2 de ejemplo?,,Esta es la respuesta de la pregunta
5,2,1000,¿Esta es una pregunta Nivel 2 de ejemplo?,Esta es una opcion;Esta es otra opcion;Esta es la ultima opcion,Esta es la respuesta de la pregunta
5,2,1000,¿Esta es una pregunta Nivel 2 de ejemplo?,,Esta es la respuesta de la pregunta
5,3,1000,¿Esta es una pregunta Nivel 3 de ejemplo?,Esta es una opcion;Esta es otra opcion;Esta es la ultima opcion,Esta es la respuesta de la pregunta
5,3,1000,¿Esta es una pregunta Nivel 3 de ejemplo?,,Esta es la respuesta de la pregunta
5,3,1000,¿Esta es una pregunta Nivel 3 de ejemplo?,Esta es una opcion;Esta es otra opcion;Esta es la ultima opcion,Esta es la respuesta de la pregunta
5,3,1000,¿Esta es una pregunta Nivel 3 de ejemplo?,,Esta es la respuesta de la pregunta
5,3,1000,¿Esta es una pregunta Nivel 3 de ejemplo?,Esta es una opcion;Esta es otra opcion;Esta es la ultima opcion,Esta es la respuesta de la pregunta
5,4,1000,¿Esta es una pregunta Nivel 4 de ejemplo?,,Esta es la respuesta de la pregunta
5,4,1000,¿Esta es una pregunta Nivel 4 de ejemplo?,Esta es una opcion;Esta es otra opcion;Esta es la ultima opcion,Esta es la respuesta de la pregunta
5,4,1000,¿Esta es una pregunta Nivel 4 de ejemplo?,,Esta es la respuesta de la pregunta
5,4,1000,¿Esta es una pregunta Nivel 4 de ejemplo?,Esta es una opcion;Esta es otra opcion;Esta es la ultima opcion,Esta es la respuesta de la pregunta
5,4,1000,¿Esta es una pregunta Nivel 4 de ejemplo?,,Esta es la respuesta de la pregunta
